,Unnamed: 0,demo_id,demo_round_id,round_start_tick,weapon_fire_id,team,detonation_raw_x,detonation_raw_y,detonation_raw_z,throw_from_raw_x,throw_from_raw_y,throw_from_raw_z,throw_tick,detonation_tick,LABEL,TYPE,map_name,RESULT
0,0,5158,46311,159689,6573932,CT,448.495,3380.3,222.468,864.899658203125,2389.01025390625,144.062393188477,13344,13566.0,True,flashbang,de_inferno,elo
1,1,5595,55563,397002,7899867,T,778.686,2274.62,137.793,455.041687011719,3182.33227539062,160.03125,11044,11352.0,True,smoke,de_inferno,elo
2,2,5596,55589,305379,7903151,T,1447.97,896.635,144.474,-279.96875,-268.96875,29.1819629669189,3193,3871.0,True,smoke,de_inferno,elo
3,3,5596,55595,397002,7904064,T,2717.18,318.481,552.741,1880.82556152344,571.3973388671881,222.03125,10406,10628.0,True,flashbang,de_inferno,elo
4,4,788,42597,71501,6039404,T,313.638,2291.22,396.449,1166.62463378906,2799.95068359375,127.641593933105,2873,3095.0,True,flashbang,de_inferno,elo
5,5,5158,46307,90876,6573217,T,1060.25,294.166,518.51,1505.0830078125,1016.01098632812,154.168029785156,2560,2783.0,False,flashbang,de_inferno,elo
6,6,5488,52756,104552,7516263,T,2540.26,-23.9276,86.0312,1404.03845214844,-33.626251220703104,130.03125,13347,13571.0,True,molotov,de_inferno,elo
7,7,5452,51762,61398,7371016,CT,196.208,1777.1,123.453,93.76732635498053,1052.43762207031,80.9291915893555,3041,3301.0,True,smoke,de_inferno,elo
8,8,5596,55589,305379,7903176,CT,436.817,2213.56,336.98400000000004,860.1215209960941,2114.5908203125,157.17936706543,4353,4577.0,True,flashbang,de_inferno,elo
9,9,5668,57540,369478,8175020,T,88.3737,1284.73,92.5763,273.96875,1346.36047363281,106.03125,3630,3678.0,True,smoke,de_inferno,elo
10,10,5158,46316,240989,6574849,T,282.949,1806.62,126.563,51.769813537597706,848.8556518554691,69.65310668945311,2748,2889.0,True,molotov,de_inferno,elo
11,11,5158,46316,240989,6574847,T,1222.59,43.1049,256.031,-239.601486206055,-89.22900390625,27.2755756378174,2537,2811.0,True,molotov,de_inferno,elo
12,12,5596,55588,287225,7903011,T,1424.49,957.828,149.22899999999998,785.003662109375,-300.96875,98.93508911132808,8612,9286.0,True,smoke,de_inferno,elo
13,13,5452,51764,79414,7371388,CT,242.526,1793.22,123.737,827.0991821289059,2177.44409179688,142.03125,4699,4983.0,True,smoke,de_inferno,elo
14,14,5614,56023,43327,7967028,CT,2294.8,455.177,158.861,2500.87353515625,-350.520172119141,81.83738708496091,16219,16441.0,False,flashbang,de_inferno,elo
15,15,5452,51782,338199,7374167,CT,155.476,2050.59,413.997,973.1017456054692,2781.99853515625,136.94290161132798,5264,5484.0,True,flashbang,de_inferno,elo
16,16,644,44402,189404,6301191,T,1280.85,2595.04,226.673,1130.03125,2809.19677734375,130.341751098633,2562,2784.0,False,flashbang,de_inferno,elo
17,17,5158,46324,356588,6576208,CT,889.455,2559.33,147.031,-798.888793945312,517.4613037109381,-30.072725296020497,2547,3561.0,False,smoke,de_inferno,elo
18,18,5596,55589,305379,7903196,CT,1338.05,106.397,130.031,1467.74255371094,316.393463134766,133.233306884766,4661,4893.0,False,smoke,de_inferno,elo
19,19,596,42757,199026,6066313,CT,1411.55,-119.802,132.005,1589.64636230469,-91.3864974975586,130.933212280273,7603,7885.0,False,smoke,de_inferno,elo
20,20,5452,51764,79414,7371438,T,1017.32,2665.23,132.061,330.921112060547,1634.92517089844,122.03125,6823,7371.0,False,smoke,de_inferno,elo
21,21,645,42497,413555,6024713,CT,934.415,2774.83,129.694,582.3236083984381,1873.03125,133.019622802734,5665,5951.0,True,smoke,de_inferno,elo
22,22,5500,53073,50624,7555900,CT,1845.73,-204.199,258.031,2096.31176757812,-245.341430664062,292.03125,8978,9188.0,True,smoke,de_inferno,elo
23,23,5596,55589,305379,7903154,CT,1091.58,2143.15,616.092,691.03125,2234.140625,138.030838012695,3483,3705.0,True,flashbang,de_inferno,elo
24,24,5488,52762,175019,7516882,T,2650.34,-49.9462,432.258,1832.36901855469,335.463500976562,160.03125,14643,14865.0,True,flashbang,de_inferno,elo
25,25,5596,55583,206904,7902233,T,1409.35,368.111,129.398,295.937377929688,644.000305175781,20.03125,4515,4983.0,True,smoke,de_inferno,elo
26,26,5596,55582,187969,7902131,T,990.155,2715.93,129.64700000000002,616.941955566406,1991.95642089844,129.704177856445,14023,14231.0,True,smoke,de_inferno,elo
27,27,5158,46324,356588,6576231,T,1279.88,-346.60400000000004,258.031,1442.84631347656,-339.75537109375,256.03125,3416,3622.0,True,smoke,de_inferno,elo
28,28,5614,56023,43327,7966908,T,350.04900000000004,1749.2,223.583,841.9796752929691,2395.95678710938,142.032302856445,3155,3377.0,True,flashbang,de_inferno,elo
29,29,5158,46311,159689,6573910,CT,1060.97,2696.81,129.934,416.465515136719,1768.67138671875,128.562057495117,9670,10500.0,True,smoke,de_inferno,elo
30,30,5596,55571,39015,7900489,T,52.0916,1264.71,94.0626,739.4153442382809,2212.21118164062,136.90364074707,3941,4145.0,False,smoke,de_inferno,elo
31,31,5546,54179,182393,7701153,T,1526.97,322.69,137.351,2509.74365234375,-273.42071533203097,84.4648818969727,7775,8169.0,True,smoke,de_inferno,elo
32,32,5452,51779,297123,7373719,T,625.044,2025.02,131.684,-656.010009765625,495.9951171875,-19.3965873718262,4404,5024.0,True,smoke,de_inferno,elo
33,33,5500,53073,50624,7555903,T,1427.26,770.465,137.72299999999998,1230.87646484375,237.852401733398,158.802581787109,11614,11850.0,True,smoke,de_inferno,elo
34,34,5559,54533,120968,7753255,T,1516.19,112.878,129.191,2120.31713867188,363.486846923828,160.03125,9172,9364.0,True,molotov,de_inferno,elo
35,35,5559,54532,112406,7753083,T,410.636,1956.55,130.031,140.097076416016,826.1941528320309,78.9929656982422,3376,3608.0,True,molotov,de_inferno,elo
36,36,5647,56949,470570,8093152,CT,1038.01,2744.71,129.366,340.23724365234403,1652.2529296875,122.03125,12287,12911.0,True,smoke,de_inferno,elo
37,37,5527,53685,154895,7633475,CT,765.961,2346.18,136.98,630.532531738281,1997.78405761719,130.355178833008,14848,15134.0,False,smoke,de_inferno,elo
38,38,5596,55588,287225,7903004,T,974.009,2730.83,129.42,639.71337890625,2051.9990234375,133.294723510742,7398,7684.0,True,smoke,de_inferno,elo
39,39,5158,46320,294808,6575672,T,1063.53,2685.95,129.94799999999998,397.3203125,3077.92016601562,160.03125,8466,8724.0,True,smoke,de_inferno,elo
40,40,5596,55593,372947,7903780,CT,147.38299999999998,1452.7,107.672,342.090179443359,1684.677734375,122.03125,3567,3799.0,False,smoke,de_inferno,elo
41,41,5488,52756,104552,7516160,T,958.563,3.60087,286.951,-374.371246337891,-117.581085205078,15.8738651275635,2643,2827.0,False,molotov,de_inferno,elo
42,42,5488,52767,259270,7517458,CT,2047.19,-100.271,217.408,1564.10192871094,-274.000335693359,256.03125,8073,8537.0,True,smoke,de_inferno,elo
43,43,596,42745,58675,6063979,T,1167.8,509.962,110.767,1511.49255371094,1057.416015625,154.78483581543,3540,3824.0,True,smoke,de_inferno,elo
44,44,5488,52767,259270,7517465,CT,2469.62,-155.761,84.0312,2487.95336914062,-142.271102905273,84.03125,9399,9421.0,True,smoke,de_inferno,elo
45,45,5596,55582,187969,7902043,CT,1878.83,2869.86,128.789,2000.53527832031,2689.26806640625,128.03125,6295,6529.0,False,smoke,de_inferno,elo
46,46,5651,57059,282707,8108480,T,2273.4,852.2310000000001,155.151,2022.59228515625,573.415954589844,160.03125,8574,8832.0,True,smoke,de_inferno,elo
47,47,596,42760,238386,6067018,CT,523.368,2947.92,162.031,709.478881835938,2352.97314453125,136.444381713867,12670,12902.0,True,smoke,de_inferno,elo
48,48,5798,61173,132850,8695173,CT,1989.44,-476.848,501.844,1468.09509277344,-357.393463134766,256.03125,8977,9201.0,True,flashbang,de_inferno,elo
49,49,5158,46307,90876,6573221,T,406.23800000000006,2025.75,167.549,31.6393394470215,842.118530273438,67.821174621582,2679,2901.0,True,flashbang,de_inferno,elo
50,50,644,44412,312917,6303052,T,637.466,2104.31,333.957,535.993591308594,3100.07250976562,206.03125,8556,8780.0,True,flashbang,de_inferno,elo
51,51,5644,56862,233811,8079163,T,2282.59,804.798,152.037,2077.33422851562,-268.892364501953,92.03125,10502,10866.0,True,smoke,de_inferno,elo
52,52,5488,52762,175019,7516802,T,79.562,2109.89,490.768,125.269195556641,951.650329589844,77.1947860717773,2687,2909.0,True,flashbang,de_inferno,elo
53,53,5452,51778,276332,7373548,T,1108.06,738.836,660.795,874.8399047851559,206.061462402344,184.281509399414,8481,8705.0,True,flashbang,de_inferno,elo
54,54,5559,54525,11520,7751937,T,453.654,1940.87,208.121,68.03125,1005.17840576172,79.1566848754883,3084,3308.0,True,flashbang,de_inferno,elo
55,55,5651,57062,323907,8109066,T,1442.63,237.179,131.94299999999998,2135.12915039062,-45.62248229980471,127.268852233887,11920,12178.0,True,smoke,de_inferno,elo
56,56,5596,55577,114459,7901465,CT,1033.65,2755.82,129.27,722.759643554688,2414.375,135.43093872070298,13250,13458.0,True,smoke,de_inferno,elo
57,57,788,42597,71501,6039468,CT,1513.81,856.377,418.578,601.996887207031,2870.63134765625,160.03125,6987,7209.0,False,flashbang,de_inferno,elo
58,58,5158,46311,159689,6573913,CT,510.547,2455.57,166.452,279.20703125,2776.49560546875,164.53125,10167,10389.0,False,flashbang,de_inferno,elo
59,59,5452,51764,79414,7371468,CT,466.449,3174.52,162.031,110.831741333008,1569.59362792969,132.03125,7851,8551.0,True,smoke,de_inferno,elo
60,60,5500,53073,50624,7555899,T,1369.46,-366.792,258.082,1148.29724121094,-660.735412597656,128.03125,8460,8686.0,True,flashbang,de_inferno,elo
61,61,5158,46311,159689,6573904,CT,1278.59,565.5830000000001,381.771,750.3059692382809,178.299407958984,96.4736938476562,4923,5146.0,True,flashbang,de_inferno,elo
62,62,788,42597,71501,6039504,T,690.888,2107.81,327.066,535.999755859375,3100.07250976562,206.03125,11531,11753.0,True,flashbang,de_inferno,elo
63,63,5596,55592,356057,7903635,T,1368.62,254.174,276.763,839.2935180664059,628.4693603515619,88.33605194091801,9693,9917.0,True,flashbang,de_inferno,elo
64,64,5596,55571,39015,7900493,CT,1256.85,478.407,120.178,1505.78137207031,1016.00866699219,151.863372802734,4271,4531.0,False,smoke,de_inferno,elo
65,65,5559,54532,112406,7753135,T,384.674,1955.33,130.031,101.339065551758,788.692138671875,74.3815536499023,7056,7320.0,True,molotov,de_inferno,elo
66,66,5452,51779,297123,7373783,CT,1768.57,21.621,130.079,1326.53820800781,402.025970458984,129.03125,12576,12836.0,True,smoke,de_inferno,elo
67,67,5546,54179,182393,7701054,CT,623.3430000000001,2024.36,131.619,-656.03125,495.96875,-21.6582546234131,2791,3413.0,True,smoke,de_inferno,elo
68,68,5488,52767,259270,7517410,CT,1137.68,490.969,107.621,1632.5905761718802,-81.93882751464841,131.027938842773,4531,4789.0,True,smoke,de_inferno,elo
69,69,5668,57518,39468,8171679,T,828.1030000000001,276.228,89.5014,1416.13610839844,645.058654785156,133.856246948242,3452,3658.0,True,smoke,de_inferno,elo
70,70,5596,55589,305379,7903156,T,1182.56,30.6128,632.481,478.119293212891,-32.1471939086914,75.7677841186523,3727,3953.0,False,flashbang,de_inferno,elo
71,71,5158,46311,159689,6574019,CT,624.7090000000001,2926.04,697.262,1016.42077636719,3400.36791992188,128.03125,16289,16511.0,True,flashbang,de_inferno,elo
72,72,5452,51766,113535,7371633,CT,1203.67,505.551,114.38,1485.19372558594,1075.68981933594,155.70422363281202,2800,3036.0,True,smoke,de_inferno,elo
73,73,5158,46324,356588,6576215,CT,217.314,1727.1,121.652,182.97312927246105,1381.05310058594,103.757217407227,2994,3085.0,True,smoke,de_inferno,elo
74,74,5452,51779,297123,7373748,T,324.585,1860.63,128.528,464.990142822266,2661.98022460938,162.341751098633,6964,7484.0,True,smoke,de_inferno,elo
75,75,644,44398,142122,6300411,T,519.372,1960.22,130.246,28.256671905517603,846.58935546875,67.5795059204102,2641,2901.0,False,molotov,de_inferno,elo
76,76,5452,51782,338199,7374205,CT,1973.21,887.558,614.015,2333.80444335938,2297.67041015625,136.980285644531,9012,9232.0,False,flashbang,de_inferno,elo
77,77,645,42497,413555,6024833,CT,951.867,2665.5,130.576,635.792236328125,2010.88317871094,130.786560058594,7663,7897.0,True,smoke,de_inferno,elo
78,78,596,42745,58675,6063997,T,1470.53,754.622,140.433,798.5591430664059,346.376403808594,87.39236450195308,5174,5434.0,False,smoke,de_inferno,elo
79,79,596,42751,142093,6065146,T,385.219,1906.94,130.664,70.76585388183591,928.4240112304692,75.1540451049805,2702,2850.0,True,molotov,de_inferno,elo
80,80,5595,55563,397002,7899839,T,1220.76,481.627,116.029,1581.2189941406198,1203.94323730469,162.14367675781202,5826,6084.0,True,smoke,de_inferno,elo
81,81,5596,55589,305379,7903265,T,2482.14,494.026,450.92,1927.49633789062,1220.06384277344,174.03125,7893,8113.0,True,flashbang,de_inferno,elo
82,82,5452,51769,158792,7372233,T,1381.33,1032.7,156.036,1153.60009765625,435.057495117188,111.398483276367,7937,8197.0,False,smoke,de_inferno,elo
83,83,596,42751,142093,6065147,CT,702.515,7.97461,267.494,-244.312149047852,-65.2608184814453,26.3904724121094,2714,2958.0,False,molotov,de_inferno,elo
84,84,5546,54179,182393,7701061,T,155.398,1127.09,88.9272,812.471435546875,2302.16284179688,137.28234863281202,3165,3503.0,True,smoke,de_inferno,elo
85,85,5668,57538,345412,8174769,CT,-125.878,1474.39,533.238,-669.781311035156,594.9820556640619,-18.283555984497102,3108,3333.0,True,flashbang,de_inferno,elo
86,86,5452,51769,158792,7372261,CT,1034.23,2664.53,132.099,639.462341308594,2052.17236328125,133.297271728516,11173,11681.0,True,smoke,de_inferno,elo
87,87,645,42494,370398,6023954,CT,781.637,558.913,88.8327,1412.54772949219,642.588317871094,133.535583496094,3029,3315.0,True,smoke,de_inferno,elo
88,88,5596,55577,114459,7901459,CT,1508.13,59.7694,130.031,2602.30395507812,-200.400924682617,84.03125,11374,11788.0,True,smoke,de_inferno,elo
89,89,5158,46311,159689,6573909,CT,936.076,2429.26,403.103,319.02227783203097,1716.66711425781,120.582733154297,9281,10093.0,True,flashbang,de_inferno,elo
90,90,5596,55577,114459,7901384,CT,143.347,1118.33,86.6441,716.710815429688,2180.89306640625,136.40402221679702,4138,4502.0,True,smoke,de_inferno,elo
91,91,5158,46320,294808,6575657,T,785.2860000000001,2307.24,137.884,390.250549316406,2537.51196289062,160.03125,6314,6728.0,True,smoke,de_inferno,elo
92,92,5452,51785,373154,7374492,CT,411.215,2464.43,162.031,74.9761123657227,2616.90698242188,283.909759521484,11351,11659.0,False,smoke,de_inferno,elo
93,93,5452,51766,113535,7371659,CT,680.548,2531.83,378.136,110.817253112793,1569.62646484375,138.798736572266,5524,5748.0,True,flashbang,de_inferno,elo
94,94,5596,55588,287225,7903006,CT,810.673,2496.78,139.497,1535.13928222656,2855.24438476562,127.928504943848,8140,8400.0,True,smoke,de_inferno,elo
95,95,5546,54179,182393,7701151,T,2327.69,821.437,153.041,1980.55065917969,547.6060791015619,160.03125,7091,7299.0,False,smoke,de_inferno,elo
96,96,5559,54534,140023,7753516,CT,372.941,2285.1,397.231,1130.00268554688,2796.36376953125,128.01565551757798,5272,5496.0,True,flashbang,de_inferno,elo
97,97,5559,54532,112406,7753080,T,1204.32,43.5324,258.031,-438.605590820312,-174.1279296875,11.8449115753174,2932,3192.0,True,molotov,de_inferno,elo
98,98,5452,51782,338199,7374197,CT,2424.84,1194.66,191.585,2119.5712890625,306.100708007812,160.03125,7352,7576.0,True,flashbang,de_inferno,elo
99,99,5668,57538,345412,8174846,CT,1987.8,2494.38,514.347,1184.79772949219,3039.544921875,128.03125,11037,11261.0,True,flashbang,de_inferno,elo
100,100,5651,57062,323907,8109064,CT,486.913,3238.24,162.031,110.833023071289,1569.59619140625,132.03125,11838,12512.0,True,smoke,de_inferno,elo
101,101,644,44387,16631,6298085,CT,1198.99,438.924,114.462,1558.1711425781198,1211.45275878906,162.204528808594,3283,3593.0,True,smoke,de_inferno,elo
102,102,5452,51765,93628,7371573,T,1953.53,64.054,125.784,1363.76318359375,147.475814819336,128.03125,11300,11532.0,True,smoke,de_inferno,elo
103,103,5596,55595,397002,7904043,T,1497.19,362.475,252.053,554.838562011719,699.998657226562,94.098518371582,5808,6032.0,True,flashbang,de_inferno,elo
104,104,5452,51769,158792,7372262,CT,767.4760000000001,2311.68,137.392,1026.50952148438,2781.96875,128.024108886719,11285,11517.0,True,smoke,de_inferno,elo
105,105,5527,53685,154895,7633379,T,1176.39,520.491,112.073,1585.5397949218802,1206.95336914062,162.110153198242,3272,3532.0,True,smoke,de_inferno,elo
106,106,5452,51762,61398,7371017,T,188.126,1082.77,97.7485,808.743530273438,2299.83325195312,137.105087280273,3053,3441.0,True,smoke,de_inferno,elo
107,107,788,42597,71501,6039401,CT,904.335,11.991,442.342,1590.19934082031,1202.43432617188,162.08499145507798,2727,2949.0,True,flashbang,de_inferno,elo
108,108,5644,56861,215498,8078869,CT,775.38,2429.84,137.118,1186.7490234375,2793.09350585938,126.349716186523,8957,9103.0,True,molotov,de_inferno,elo
109,109,5488,52767,259270,7517367,CT,287.543,1619.9,114.629,38.773628234863295,875.580200195312,68.6193313598633,2711,2875.0,True,smoke,de_inferno,elo
110,110,5596,55588,287225,7903024,T,976.219,2685.02,129.94799999999998,110.816032409668,1569.626953125,132.013870239258,10760,11332.0,True,smoke,de_inferno,elo
111,111,5158,46311,159689,6573929,T,1441.12,215.234,131.84,1755.8264160156198,88.3583145141602,130.90954589843798,12107,12363.0,True,smoke,de_inferno,elo
112,112,5452,51766,113535,7371657,T,772.946,2239.25,137.83700000000002,400.028564453125,3566.00317382812,160.03125,5176,5616.0,True,smoke,de_inferno,elo
113,113,788,42602,138005,6040230,T,2451.31,-135.328,86.0312,1701.2409667968802,41.5968246459961,128.523025512695,13707,13911.0,True,molotov,de_inferno,elo
114,114,5647,56923,45789,8088260,CT,973.741,2700.33,129.878,110.814094543457,1569.6279296875,132.013717651367,8874,9418.0,True,smoke,de_inferno,elo
115,115,596,42760,238386,6066922,T,481.041,3126.99,162.031,295.9599609375,1565.33154296875,114.088470458984,6574,7274.0,True,smoke,de_inferno,elo
116,116,5644,56853,82079,8077423,CT,431.417,1988.59,130.031,157.996765136719,922.0455932617192,79.4028854370117,4494,4710.0,True,molotov,de_inferno,elo
117,117,5452,51766,113535,7371670,T,1053.64,2788.35,130.002,680.450622558594,2934.59106445312,130.036575317383,7236,7500.0,False,smoke,de_inferno,elo
118,118,5488,52762,175019,7516826,T,1755.98,-30.3258,238.857,2244.0283203125,789.352172851562,152.14108276367202,9449,9671.0,True,flashbang,de_inferno,elo
119,119,645,42494,370398,6024227,CT,1619.79,51.9782,130.22299999999998,1204.95581054688,359.96875,128.03125,9969,10175.0,True,smoke,de_inferno,elo
120,120,5559,54533,120968,7753237,T,1389.93,1194.93,163.116,1221.3388671875,449.236236572266,116.088668823242,8000,8184.0,True,molotov,de_inferno,elo
121,121,5452,51779,297123,7373759,CT,785.029,2150.93,138.017,446.723541259766,3382.20361328125,160.03125,11464,11912.0,False,smoke,de_inferno,elo
122,122,5500,53081,156306,7557002,CT,-51.1518,843.12,49.7753,396.877197265625,1912.43542480469,129.059585571289,5675,5987.0,True,smoke,de_inferno,elo
123,123,644,44402,189404,6301279,CT,220.825,650.967,191.611,-22.6880054473877,881.7803344726559,59.1645812988281,3978,4202.0,True,flashbang,de_inferno,elo
124,124,644,44412,312917,6302962,CT,1405.26,400.521,182.297,-173.640686035156,815.49169921875,32.417282104492195,5750,5972.0,True,flashbang,de_inferno,elo
125,125,5452,51765,93628,7371575,T,1016.97,2643.08,134.822,575.547424316406,1877.22326660156,132.743911743164,12056,12396.0,False,smoke,de_inferno,elo
126,126,5546,54182,221771,7701740,CT,1199.48,501.787,113.893,1343.40576171875,342.830535888672,127.104873657227,8733,8939.0,True,smoke,de_inferno,elo
127,127,5452,51765,93628,7371532,CT,515.945,2013.71,128.0,1439.99523925781,2956.26318359375,131.348251342773,2932,3420.0,True,smoke,de_inferno,elo
128,128,5798,61170,88536,8694634,CT,436.1,1987.34,130.031,157.96875,948.511962890625,78.0498809814453,3143,3357.0,True,molotov,de_inferno,elo
129,129,5651,57059,282707,8108442,CT,1762.97,1511.67,162.031,1611.41564941406,1012.31762695312,171.03125,6628,6858.0,False,smoke,de_inferno,elo
130,130,5596,55593,372947,7903769,T,956.944,2693.08,129.952,-800.8128051757809,515.228515625,-29.9239559173584,2981,3735.0,True,smoke,de_inferno,elo
131,131,5668,57518,39468,8171804,T,1422.26,-325.238,258.031,1184.28088378906,-487.445831298828,205.740356445312,6776,6984.0,True,smoke,de_inferno,elo
132,132,5158,46315,231073,6574645,CT,984.711,2645.1,132.345,-798.548828125,517.287048339844,-30.0691471099854,2465,3269.0,False,smoke,de_inferno,elo
133,133,5559,54533,120968,7753174,T,1196.56,44.307,258.031,-481.957397460938,-173.173629760742,9.43702125549316,3016,3280.0,True,molotov,de_inferno,elo
134,134,596,42744,45262,6063722,CT,522.734,2110.02,135.716,113.307716369629,1022.75762939453,78.6338348388672,4100,4356.0,True,molotov,de_inferno,elo
135,135,5798,61170,88536,8694642,CT,776.493,2209.55,135.916,-79.4486999511719,1330.03125,106.708869934082,4635,4913.0,True,molotov,de_inferno,elo
136,136,5596,55593,372947,7903868,T,1404.92,762.518,136.14600000000002,777.3007202148441,365.323272705078,87.5787811279297,9413,9673.0,True,smoke,de_inferno,elo
137,137,5559,54533,120968,7753208,CT,1502.59,138.29399999999998,402.802,803.8916625976559,631.288269042969,98.7539749145508,5592,5808.0,False,molotov,de_inferno,elo
138,138,5595,55539,39015,7896288,T,1256.85,478.407,120.178,1505.78137207031,1016.00866699219,151.863372802734,4271,4531.0,False,smoke,de_inferno,elo
139,139,5452,51764,79414,7371339,CT,194.063,1089.22,98.3285,816.2920532226559,2298.63549804688,137.554336547852,3075,3491.0,True,smoke,de_inferno,elo
140,140,5452,51765,93628,7371561,T,1009.15,2644.4,134.221,608.80615234375,1952.0146484375,131.390182495117,7040,7304.0,False,smoke,de_inferno,elo
141,141,5488,52762,175019,7516805,CT,486.349,1950.25,212.506,68.0052108764648,1042.09851074219,82.3919372558594,2813,3035.0,True,flashbang,de_inferno,elo
142,142,5158,46320,294808,6575563,CT,1430.83,355.237,130.554,272.03125,661.627746582031,21.696908950805696,3019,3485.0,True,smoke,de_inferno,elo
143,143,645,42494,370398,6024173,T,1908.61,-191.418,258.031,2092.96875,-243.90592956543,256.03125,8433,8641.0,True,smoke,de_inferno,elo
144,144,5596,55595,397002,7904050,CT,1838.18,-367.075,265.49,2283.75634765625,394.127471923828,132.961441040039,7988,8210.0,True,flashbang,de_inferno,elo
145,145,5452,51782,338199,7374165,T,367.612,1753.08,200.812,875.96875,2454.17041015625,143.789489746094,3712,3936.0,True,flashbang,de_inferno,elo
146,146,5596,55589,305379,7903264,T,2392.78,917.137,155.405,2010.13708496094,1123.76452636719,156.750350952148,7321,7401.0,True,smoke,de_inferno,elo
147,147,5452,51766,113535,7371635,CT,722.675,613.18,89.2165,1440.88049316406,689.581909179688,136.829010009766,2888,3176.0,True,smoke,de_inferno,elo
148,148,5668,57518,39468,8171784,T,2295.27,902.346,157.744,2210.06103515625,-404.5783386230471,88.00440216064449,6360,6696.0,True,smoke,de_inferno,elo
149,149,5452,51785,373154,7374477,T,1193.31,504.136,113.292,1551.74670410156,1178.72351074219,161.351608276367,3768,4000.0,True,smoke,de_inferno,elo
150,150,5452,51765,93628,7371525,CT,1181.15,511.272,112.174,1522.07727050781,1088.42687988281,156.041564941406,2800,3036.0,True,smoke,de_inferno,elo
151,151,5596,55595,397002,7904075,T,2679.04,548.268,579.918,2088.5615234375,1139.26013183594,161.337005615234,11162,11384.0,True,flashbang,de_inferno,elo
152,152,5546,54180,196348,7701203,CT,319.47,1894.02,127.463,37.5612297058105,865.5481567382809,68.31337738037111,4241,4411.0,True,molotov,de_inferno,elo
153,153,5488,52756,104552,7516165,CT,1299.51,-333.115,259.978,421.822296142578,-107.934455871582,67.89597320556639,3293,3517.0,True,flashbang,de_inferno,elo
154,154,5596,55583,206904,7902243,CT,1527.06,937.816,148.385,2320.75244140625,1189.16552734375,166.33874511718798,8901,9161.0,True,smoke,de_inferno,elo
155,155,644,44412,312917,6303017,T,1514.96,-478.99,182.718,1499.79113769531,-365.97824096679705,256.03125,7318,7542.0,True,flashbang,de_inferno,elo
156,156,5596,55595,397002,7904022,T,118.498,2043.59,395.674,157.64993286132798,923.13818359375,79.34703063964841,3240,3462.0,True,flashbang,de_inferno,elo
157,157,5596,55592,356057,7903621,CT,-164.872,1362.15,590.935,-656.03125,495.992279052734,-21.6582546234131,2887,3111.0,False,flashbang,de_inferno,elo
158,158,5452,51785,373154,7374495,CT,471.094,2537.47,162.031,498.96875,2444.03125,160.03125,11955,12191.0,False,smoke,de_inferno,elo
159,159,5158,46311,159689,6573906,T,1253.15,304.469,130.018,1698.91613769531,-37.9998893737793,130.16116333007798,6628,6834.0,True,smoke,de_inferno,elo
160,160,644,44387,16631,6298099,CT,803.4810000000001,2238.42,138.213,493.769683837891,2661.49169921875,160.03125,4543,4775.0,True,smoke,de_inferno,elo
161,161,788,42597,71501,6039402,T,346.68,2004.46,130.645,729.4437866210941,2112.39526367188,136.10710144043,2785,3009.0,True,flashbang,de_inferno,elo
162,162,5452,51766,113535,7371658,T,956.587,2714.84,129.889,686.695739746094,1877.64477539062,212.023742675781,5452,5736.0,True,smoke,de_inferno,elo
163,163,5668,57538,345412,8174823,CT,1159.84,2378.24,482.163,319.958465576172,1878.57336425781,129.843368530273,7045,7269.0,True,flashbang,de_inferno,elo
164,164,5596,55571,39015,7900506,T,1241.29,515.6709999999999,118.672,1401.1064453125,54.49951171875,128.03125,7205,7413.0,True,smoke,de_inferno,elo
165,165,5647,56923,45789,8088246,T,602.749,2647.86,161.436,-79.4826354980469,1330.00378417969,106.708892822266,6974,7830.0,True,smoke,de_inferno,elo
166,166,5500,53073,50624,7555940,CT,2088.96,-444.196,466.108,1497.18408203125,-365.994567871094,256.03125,12344,12570.0,True,flashbang,de_inferno,elo
167,167,5452,51764,79414,7371470,T,1016.92,2644.47,134.681,588.160888671875,1892.21911621094,133.255172729492,8307,8647.0,False,smoke,de_inferno,elo
168,168,596,42745,58675,6063984,T,760.2860000000001,2247.07,137.972,557.025085449219,2611.92431640625,160.03125,4262,4494.0,True,smoke,de_inferno,elo
169,169,5644,56853,82079,8077412,T,1211.26,-88.4538,258.031,-375.959716796875,-176.596649169922,15.5378513336182,2464,2714.0,True,molotov,de_inferno,elo
170,170,5158,46311,159689,6573912,CT,744.768,2304.68,137.60299999999998,282.490325927734,2752.2236328125,164.53125,9889,10173.0,False,smoke,de_inferno,elo
171,171,5644,56862,233811,8079060,CT,1445.97,1029.25,154.923,726.0023803710941,247.744064331055,96.1643447875977,5066,5582.0,True,smoke,de_inferno,elo
172,172,5668,57530,225888,8173543,CT,377.92800000000005,3180.34,162.011,339.332183837891,1651.36145019531,122.03125,10270,10974.0,False,smoke,de_inferno,elo
173,173,5596,55592,356057,7903620,T,1208.43,439.77,224.871,-228.48097229003895,825.352416992188,18.8593807220459,2887,3111.0,True,flashbang,de_inferno,elo
174,174,645,42494,370398,6024011,T,145.925,877.692,80.8171,569.580383300781,2068.98120117188,132.617080688477,4153,4541.0,True,smoke,de_inferno,elo
175,175,5596,55592,356057,7903627,CT,-162.016,1351.56,605.55,-656.03125,495.992279052734,-19.3965873718262,3325,3549.0,False,flashbang,de_inferno,elo
176,176,5452,51766,113535,7371634,CT,626.298,2021.78,131.77100000000002,-656.03125,495.96875,-21.6582546234131,2804,3428.0,True,smoke,de_inferno,elo
177,177,5644,56862,233811,8079058,CT,1187.84,504.3130000000001,112.739,1486.31311035156,115.67325592041,126.793991088867,4702,4934.0,True,smoke,de_inferno,elo
178,178,5647,56949,470570,8093032,T,1258.79,504.822,120.386,1431.70910644531,1209.27941894531,162.32125854492202,4009,4241.0,True,smoke,de_inferno,elo
179,179,5596,55595,397002,7904045,T,1157.82,450.596,196.312,1610.76281738281,1205.5830078125,161.901214599609,6928,7150.0,True,flashbang,de_inferno,elo
180,180,596,42760,238386,6066909,T,1141.36,428.557,109.24,1599.64050292969,-53.0003356933594,129.663970947266,4582,4918.0,True,smoke,de_inferno,elo
181,181,5546,54182,221771,7701677,CT,477.708,2926.9,162.031,494.456085205078,3354.59887695312,160.03125,7777,8013.0,True,smoke,de_inferno,elo
182,182,5452,51778,276332,7373444,CT,-123.38,1463.45,541.715,-668.03125,600.0350341796881,-13.0316944122314,3185,3409.0,True,flashbang,de_inferno,elo
183,183,5668,57540,369478,8175039,CT,782.763,2300.38,137.843,383.461181640625,2537.75634765625,160.03125,7587,8001.0,True,smoke,de_inferno,elo
184,184,5452,51769,158792,7372281,T,2291.12,847.5419999999999,154.695,2633.9755859375,-473.917114257812,95.7607803344727,15365,16089.0,True,smoke,de_inferno,elo
185,185,5452,51785,373154,7374480,CT,1229.73,482.658,117.092,1574.8898925781198,1205.44519042969,162.170471191406,6083,6319.0,True,smoke,de_inferno,elo
186,186,5614,56023,43327,7966962,CT,1635.57,1061.27,489.249,1031.55419921875,434.000183105469,98.8084564208984,14313,14539.0,True,flashbang,de_inferno,elo
187,187,5158,46311,159689,6573907,T,600.775,2138.2,143.726,105.993980407715,1154.92822265625,85.6790237426758,7528,7749.0,True,flashbang,de_inferno,elo
188,188,5596,55583,206904,7902247,CT,1849.47,145.241,131.703,2469.64599609375,-266.993438720703,86.39842987060551,9093,9481.0,True,smoke,de_inferno,elo
189,189,5647,56923,45789,8088268,T,2558.74,1135.23,162.031,1487.96875,1011.18322753906,151.319152832031,10717,11053.0,False,smoke,de_inferno,elo
190,190,5644,56862,233811,8079190,CT,2305.74,853.952,154.887,2634.00073242188,-473.983459472656,91.2890777587891,12210,12938.0,True,smoke,de_inferno,elo
191,191,5500,53073,50624,7555896,T,159.793,2179.56,632.592,875.984252929688,2327.21557617188,146.41520690918,5854,6078.0,True,flashbang,de_inferno,elo
192,192,5158,46320,294808,6575577,CT,1948.32,1218.38,163.866,1517.99963378906,951.96875,152.35856628418,4569,5034.0,False,smoke,de_inferno,elo
193,193,596,42760,238386,6066986,T,1026.79,2755.95,129.053,634.061096191406,2980.75415039062,193.03125,8566,8826.0,True,smoke,de_inferno,elo
194,194,5559,54532,112406,7753141,CT,198.926,495.447,70.1574,20.1623973846436,840.5640258789059,67.9051971435547,7116,7392.0,False,molotov,de_inferno,elo
195,195,5644,56861,215498,8078977,T,2.97202,2528.32,162.031,681.625427246094,2969.82934570312,133.223541259766,12327,12511.0,True,molotov,de_inferno,elo
196,196,5158,46319,281030,6575526,CT,2243.74,289.76,130.372,2088.33056640625,84.3839416503906,130.628158569336,12400,12658.0,True,smoke,de_inferno,elo
197,197,5452,51778,276332,7373595,T,1288.62,499.576,141.977,797.2390747070309,240.430053710938,90.2346343994141,9485,9709.0,True,flashbang,de_inferno,elo
198,198,5158,46319,281030,6575428,T,508.42800000000005,2042.63,131.408,1439.9982910156198,2956.27685546875,131.34909057617202,2571,3140.0,True,smoke,de_inferno,elo
199,199,5651,57062,323907,8109067,T,973.469,2711.51,129.828,610.65673828125,1948.20776367188,131.393630981445,12098,12330.0,True,smoke,de_inferno,elo
200,200,5452,51779,297123,7373757,CT,1388.83,766.592,136.859,726.3307495117191,245.539337158203,91.5336074829102,11188,11760.0,True,smoke,de_inferno,elo
201,201,5668,57538,345412,8174765,T,-125.878,1474.39,533.224,-669.781311035156,594.9820556640619,-18.2974166870117,2860,3086.0,True,flashbang,de_inferno,elo
202,202,5488,52762,175019,7516800,T,454.547,1860.37,451.79,84.5906295776367,952.0810546875,80.6918182373047,2629,2851.0,True,flashbang,de_inferno,elo
203,203,5158,46307,90876,6573302,T,2072.78,-250.237,258.031,1966.89855957031,347.33248901367205,160.03125,10925,11156.0,False,smoke,de_inferno,elo
204,204,5668,57518,39468,8171749,T,-118.813,857.082,36.1277,320.072418212891,467.517639160156,81.2351989746094,3958,4166.0,False,smoke,de_inferno,elo
205,205,5488,52756,104552,7516221,T,1502.52,134.82,178.351,2446.00244140625,-225.000091552734,87.03125,6441,6663.0,True,flashbang,de_inferno,elo
206,206,645,42494,370398,6024130,T,1479.54,212.248,132.336,1989.21752929688,36.0289916992188,125.798072814941,6905,7165.0,True,smoke,de_inferno,elo
207,207,5158,46311,159689,6574020,T,124.034,3131.11,647.332,730.8226928710941,3456.81689453125,131.622863769531,16351,16573.0,True,flashbang,de_inferno,elo
208,208,644,44399,154745,6300766,T,1493.77,26.0246,255.052,1314.01391601562,89.0008544921875,228.03125,5060,5292.0,True,smoke,de_inferno,elo
209,209,644,44412,312917,6302911,T,624.234,2277.99,360.01199999999994,535.999755859375,3100.07250976562,206.03125,3898,4120.0,False,flashbang,de_inferno,elo
210,210,5452,51778,276332,7373483,CT,137.829,1229.38,479.713,-18.6987838745117,813.7600708007809,60.36792373657229,4853,5077.0,True,flashbang,de_inferno,elo
211,211,5488,52756,104552,7516167,CT,1261.0,252.739,492.401,383.987426757812,681.110107421875,89.01721954345699,3783,4007.0,False,flashbang,de_inferno,elo
212,212,5559,54525,11520,7751938,CT,371.61,2271.88,390.176,1130.01489257812,2796.35595703125,128.03125,3424,3648.0,True,flashbang,de_inferno,elo
213,213,5546,54180,196348,7701196,T,382.253,1924.92,130.031,64.3514785766602,893.6094360351559,72.9198303222656,2971,3123.0,True,molotov,de_inferno,elo
214,214,5500,53073,50624,7555865,CT,1251.38,549.191,117.838,1462.1472167968802,797.9368286132809,139.820404052734,4460,4520.0,True,smoke,de_inferno,elo
215,215,5651,57062,323907,8109007,CT,1183.32,538.444,113.62,1562.11364746094,1228.98425292969,162.904235839844,3688,3998.0,True,smoke,de_inferno,elo
216,216,5452,51766,113535,7371706,T,984.888,2738.42,129.175,665.685241699219,2102.01708984375,135.549240112305,8688,8952.0,True,smoke,de_inferno,elo
217,217,645,42497,413555,6024919,CT,1119.34,2748.99,130.031,35.1275863647461,2528.61254882812,160.03125,9737,10101.0,True,smoke,de_inferno,elo
218,218,788,42602,138005,6040256,CT,1813.08,1377.77,162.00799999999998,2044.53173828125,1066.89172363281,155.883544921875,15615,15737.0,True,molotov,de_inferno,elo
219,219,5488,52762,175019,7516810,CT,101.314,609.212,510.192,-631.227294921875,712.1911010742191,-34.0936508178711,2981,3205.0,True,flashbang,de_inferno,elo
220,220,5647,56949,470570,8093095,CT,1236.29,509.214,117.95,1433.24890136719,-90.04041290283199,130.03125,7019,7277.0,True,smoke,de_inferno,elo
221,221,644,44399,154745,6300778,T,978.579,2641.59,130.20600000000002,337.512786865234,1648.04748535156,122.03125,6056,6600.0,True,smoke,de_inferno,elo
222,222,5596,55592,356057,7903626,T,356.845,2285.72,381.049,1130.00305175781,2799.80151367188,128.02282714843798,3217,3443.0,True,flashbang,de_inferno,elo
223,223,5158,46315,231073,6574646,CT,772.04,2456.57,137.142,927.201293945312,2699.0419921875,129.39089965820298,3051,3257.0,True,smoke,de_inferno,elo
224,224,5798,61173,132850,8695174,T,1542.24,56.8473,193.425,1428.78479003906,189.480285644531,136.48205566406202,9007,9229.0,False,flashbang,de_inferno,elo
225,225,5596,55595,397002,7904067,T,2273.2,-301.922,244.202,1391.38781738281,207.104843139648,127.887710571289,10750,10976.0,True,flashbang,de_inferno,elo
226,226,5452,51766,113535,7371664,CT,747.424,2945.61,190.288,633.2283935546881,1974.1328125,130.746566772461,6152,6376.0,False,flashbang,de_inferno,elo
227,227,644,44398,142122,6300409,T,388.404,1949.17,130.031,58.115962982177706,897.387084960938,72.5357131958008,2589,2747.0,True,molotov,de_inferno,elo
228,228,5527,53685,154895,7633401,T,978.253,2688.29,129.936,110.817939758301,1569.6259765625,132.013656616211,8896,9468.0,True,smoke,de_inferno,elo
229,229,5668,57535,298636,8174235,T,1174.38,-4.09256,258.031,559.939025878906,-18.722318649292,82.3151016235352,4016,4283.0,True,molotov,de_inferno,elo
230,230,5596,55595,397002,7904018,T,1091.96,578.303,337.168,-267.96484375,806.8786010742191,11.03125,2988,3214.0,True,flashbang,de_inferno,elo
231,231,5596,55583,206904,7902241,T,1009.94,2735.0,129.144,415.293548583984,1770.14111328125,128.645202636719,8775,9553.0,True,smoke,de_inferno,elo
232,232,644,44399,154745,6300837,CT,2359.36,1011.29,160.951,1957.20739746094,23.8374462127686,122.474563598633,8136,8470.0,False,smoke,de_inferno,elo
233,233,644,44412,312917,6303003,CT,1333.41,776.78,170.09799999999998,816.5106811523441,363.344116210938,87.5262069702148,6814,7038.0,True,flashbang,de_inferno,elo
234,234,5595,55563,397002,7899834,T,1228.5,539.703,115.962,1612.46032714844,-68.07174682617189,130.7314453125,4878,5000.0,True,smoke,de_inferno,elo
235,235,645,42497,413555,6024698,T,505.078,3198.67,162.031,110.836204528809,1569.60205078125,132.013809204102,5337,6041.0,True,smoke,de_inferno,elo
236,236,5647,56923,45789,8088259,CT,1852.79,-219.95,258.031,2085.76928710938,-268.363433837891,256.03125,8524,8730.0,True,smoke,de_inferno,elo
237,237,5452,51769,158792,7372181,T,1216.23,480.882,115.486,1414.2048339843802,51.6347427368164,128.03125,3461,3673.0,True,smoke,de_inferno,elo
238,238,5595,55539,39015,7896283,T,225.045,1481.15,109.072,113.374038696289,951.581298828125,76.9419250488281,3665,3875.0,True,smoke,de_inferno,elo
239,239,5595,55563,397002,7899846,CT,1383.45,915.327,146.925,1246.0380859375,254.577056884766,147.65283203125,8596,8986.0,False,smoke,de_inferno,elo
240,240,5668,57518,39468,8171668,CT,473.447,2029.89,130.142,152.470962524414,926.106323242188,79.1477127075195,3143,3480.0,True,smoke,de_inferno,elo
241,241,5596,55595,397002,7904035,T,100.399,2027.52,270.872,179.979339599609,1041.01000976562,99.03125,4796,5020.0,True,flashbang,de_inferno,elo
242,242,5546,54179,182393,7701075,CT,145.498,1156.62,88.9916,810.8379516601559,2308.52172851562,137.239318847656,4493,4829.0,True,smoke,de_inferno,elo
243,243,5488,52762,175019,7516809,CT,498.381,2040.12,245.534,810.0165405273441,2410.23071289062,137.821517944336,2973,3195.0,True,flashbang,de_inferno,elo
244,244,5644,56862,233811,8079031,CT,109.566,1102.72,81.0302,273.20697021484403,1378.75244140625,107.03125,3070,3142.0,False,smoke,de_inferno,elo
245,245,5452,51785,373154,7374467,T,624.312,2017.99,131.736,-656.03125,495.98974609375,-15.0197372436523,2884,3504.0,True,smoke,de_inferno,elo
246,246,5452,51778,276332,7373551,T,472.351,1959.34,196.972,307.510894775391,1623.9973144531198,122.017028808594,8561,8785.0,True,flashbang,de_inferno,elo
247,247,5546,54182,221771,7701584,CT,1227.66,474.984,116.718,1512.8310546875,1061.76635742188,154.936187744141,3445,3681.0,True,smoke,de_inferno,elo
248,248,5488,52762,175019,7516796,T,-239.323,1222.51,608.74,-544.186828613281,796.408569335938,-18.3647518157959,2463,2687.0,True,flashbang,de_inferno,elo
249,249,5546,54179,182393,7701068,CT,1855.97,-255.224,258.031,2072.548828125,353.879089355469,160.03125,4237,4441.0,True,smoke,de_inferno,elo
250,250,5158,46307,90876,6573307,T,972.721,2733.55,129.36700000000002,646.4952392578119,1977.56335449219,130.92224121093798,13341,13600.0,True,smoke,de_inferno,elo
251,251,5452,51766,113535,7371707,T,426.386,3413.39,162.031,604.898010253906,2444.00268554688,291.03125,8816,9180.0,False,smoke,de_inferno,elo
252,252,644,44412,312917,6302947,T,1337.88,241.66,142.983,1260.60900878906,-81.99266052246091,256.03125,5440,5664.0,True,flashbang,de_inferno,elo
253,253,5158,46319,281030,6575443,CT,49.0321,1341.68,100.759,-62.8833312988281,1415.0642089843802,103.378150939941,3661,3868.0,False,smoke,de_inferno,elo
254,254,5668,57538,345412,8174822,T,997.488,2651.35,130.02,720.6275024414059,2216.29565429688,137.041320800781,6979,7201.0,True,flashbang,de_inferno,elo
255,255,5559,54534,140023,7753567,T,891.957,2188.14,474.581,733.6543579101559,2861.39331054688,126.321517944336,8148,8376.0,True,flashbang,de_inferno,elo
256,256,5596,55583,206904,7902302,T,1024.22,2743.59,129.072,372.51730346679705,1689.1298828125,122.03125,11751,12453.0,True,smoke,de_inferno,elo
257,257,5452,51762,61398,7371026,CT,1204.23,435.82,115.49,1560.7541503906198,1172.98059082031,161.600448608398,3977,4265.0,True,smoke,de_inferno,elo
258,258,5452,51785,373154,7374484,T,721.294,2858.28,127.947,126.818298339844,1601.63317871094,113.03125,10927,11579.0,True,smoke,de_inferno,elo
259,259,5488,52756,104552,7516266,T,2214.1,-289.571,246.852,1355.73986816406,233.248229980469,127.453979492188,13455,13675.0,True,flashbang,de_inferno,elo
260,260,5452,51778,276332,7373470,CT,26.7245,1105.82,349.63,-176.015563964844,802.05322265625,26.144172668457,4541,4765.0,True,flashbang,de_inferno,elo
261,261,5158,46324,356588,6576217,CT,160.93200000000002,1626.61,114.179,198.22166442871105,1463.11279296875,107.376472473145,3114,3319.0,True,smoke,de_inferno,elo
262,262,5452,51769,158792,7372178,CT,177.308,1029.44,86.0193,830.66748046875,2332.75463867188,139.66702270507798,3053,3441.0,True,smoke,de_inferno,elo
263,263,5596,55588,287225,7903023,T,1498.46,963.33,149.592,1212.47412109375,467.460693359375,114.671020507812,10682,10888.0,False,smoke,de_inferno,elo
264,264,5596,55588,287225,7903041,CT,2415.13,-160.865,111.182,1466.9553222656198,124.859344482422,126.520233154297,12814,13254.0,True,smoke,de_inferno,elo
265,265,645,42497,413555,6024755,T,1401.97,205.064,129.83100000000002,2481.38500976562,-250.784866333008,84.03125,6533,6975.0,True,smoke,de_inferno,elo
266,266,5647,56949,470570,8093082,CT,168.09400000000002,858.932,82.1975,610.556396484375,2118.03735351562,135.583068847656,5281,5643.0,False,smoke,de_inferno,elo
267,267,596,42751,142093,6065216,CT,843.305,2280.99,141.539,203.44969177246105,1580.1474609375,113.03125,4790,5020.0,True,molotov,de_inferno,elo
268,268,5452,51779,297123,7373793,T,735.913,2837.36,127.064,110.81420135498,1569.6279296875,132.013717651367,14388,14988.0,True,smoke,de_inferno,elo
269,269,788,42602,138005,6040231,T,2580.33,-84.9759,86.0312,601.996887207031,2870.63134765625,160.03125,13835,14041.0,False,molotov,de_inferno,elo
270,270,5452,51779,297123,7373756,CT,1193.27,524.398,113.845,1634.0134277343802,-88.9652557373047,131.03125,9348,9608.0,True,smoke,de_inferno,elo
271,271,644,44399,154745,6300787,T,712.553,2313.0,138.958,123.493461608887,2846.66674804688,160.03125,6624,6882.0,True,smoke,de_inferno,elo
272,272,5647,56923,45789,8088194,T,760.422,2294.5,98.0312,584.116638183594,2482.67236328125,291.03125,3394,3756.0,True,smoke,de_inferno,elo
273,273,596,42744,45262,6063684,T,344.666,1905.89,131.65200000000002,45.0370063781738,888.13818359375,70.0675506591797,2676,2892.0,True,molotov,de_inferno,elo
274,274,5596,55577,114459,7901456,CT,803.862,2249.42,138.247,1007.63763427734,2760.34106445312,127.692947387695,9998,10232.0,True,smoke,de_inferno,elo
275,275,5500,53081,156306,7556924,CT,813.711,550.102,89.1657,1433.5275878906198,689.3755493164059,136.336532592773,3815,4075.0,True,smoke,de_inferno,elo
276,276,5559,54534,140023,7753553,T,470.317,1944.85,203.268,68.03125,1013.15686035156,80.0125198364258,7032,7256.0,False,flashbang,de_inferno,elo
277,277,5158,46307,90876,6573255,T,781.422,2440.3,137.388,433.935791015625,2618.27954101562,160.03125,8769,8976.0,True,smoke,de_inferno,elo
278,278,5596,55593,372947,7903814,CT,837.5219999999999,2485.07,142.144,1160.58520507812,2772.97045898438,127.849914550781,3979,4187.0,True,smoke,de_inferno,elo
279,279,5644,56853,82079,8077416,T,217.413,1937.81,232.795,153.573715209961,990.8876953125,78.9562149047852,2828,2966.0,False,molotov,de_inferno,elo
280,280,5559,54525,11520,7751997,T,2141.03,-15.6515,224.391,2573.11889648438,-214.060546875,84.03125,8092,8316.0,False,flashbang,de_inferno,elo
281,281,5668,57518,39468,8171675,CT,480.877,1960.69,130.031,639.585205078125,2011.9833984375,130.936279296875,3369,3578.0,True,smoke,de_inferno,elo
282,282,5651,57059,282707,8108483,T,2281.02,325.476,131.425,2041.7138671875,1225.96875,174.03125,11182,11594.0,True,smoke,de_inferno,elo
283,283,5158,46319,281030,6575461,T,1884.0,-283.747,258.031,2091.75634765625,-278.703338623047,256.029144287109,10699,10930.0,True,smoke,de_inferno,elo
284,284,5644,56862,233811,8079027,CT,439.467,1993.66,130.031,157.99703979492202,953.069580078125,77.81690979003909,2772,2986.0,False,molotov,de_inferno,elo
285,285,5651,57062,323907,8109053,CT,476.729,3123.18,162.031,315.11639404296903,1603.4650878906198,116.638595581055,7224,7950.0,True,smoke,de_inferno,elo
286,286,5798,61173,132850,8695171,CT,2075.01,-452.065,484.036,1494.69201660156,-365.995239257812,256.03125,8159,8383.0,True,flashbang,de_inferno,elo
287,287,5647,56949,470570,8093129,T,2011.45,-157.281,258.031,1782.193359375,-307.568756103516,256.03125,7819,8027.0,True,smoke,de_inferno,elo
288,288,645,42494,370398,6024241,T,819.573,633.9580000000001,89.537,875.6356811523441,-400.764282226562,100.156555175781,13343,13603.0,True,smoke,de_inferno,elo
289,289,5596,55595,397002,7904053,CT,1275.88,590.275,129.531,1195.6787109375,264.403228759766,141.102035522461,9234,9458.0,False,flashbang,de_inferno,elo
290,290,5647,56930,153771,8089780,CT,139.02700000000002,2917.06,395.703,460.466674804688,1828.46875,140.692916870117,10837,11065.0,False,molotov,de_inferno,elo
291,291,5488,52756,104552,7516264,CT,2300.1,454.382,140.338,1777.015625,-344.623413085938,256.03125,13381,13605.0,True,flashbang,de_inferno,elo
292,292,5488,52767,259270,7517464,T,806.008,2315.23,138.376,483.820495605469,1905.79846191406,130.384704589844,9341,9547.0,True,smoke,de_inferno,elo
293,293,5644,56861,215498,8078884,T,49.8799,2585.69,160.031,875.639526367188,2460.85083007812,145.03125,11083,11357.0,True,molotov,de_inferno,elo
294,294,5158,46316,240989,6574855,CT,1326.12,34.1969,519.939,679.534118652344,11.995677947998,90.3417434692383,3421,3589.0,False,molotov,de_inferno,elo
295,295,596,42751,142093,6065226,T,1340.32,1231.71,162.031,1517.9990234375,590.633728027344,137.288192749023,10408,10556.0,True,molotov,de_inferno,elo
296,296,644,44399,154745,6300788,T,783.57,2339.16,137.60399999999998,996.065490722656,2757.248046875,127.522674560547,6718,6950.0,True,smoke,de_inferno,elo
297,297,5452,51766,113535,7371660,T,1304.85,2820.64,585.906,379.848937988281,1906.61340332031,130.03125,5824,6052.0,True,flashbang,de_inferno,elo
298,298,5596,55595,397002,7904062,CT,2045.49,-317.176,669.952,1260.69641113281,526.296936035156,120.03125,10136,10362.0,True,flashbang,de_inferno,elo
299,299,5596,55592,356057,7903740,CT,2336.13,-127.746,223.765,2466.76098632812,-185.732986450195,87.03125,14003,14227.0,True,flashbang,de_inferno,elo
300,300,5488,52762,175019,7516801,T,1004.3,-98.7474,656.4780000000001,1370.03125,867.0978393554691,145.45706176757798,2679,2901.0,True,flashbang,de_inferno,elo
301,301,645,42497,413555,6024590,CT,1195.24,486.665,113.306,1501.72058105469,1054.84619140625,154.727188110352,3563,3797.0,True,smoke,de_inferno,elo
302,302,5596,55582,187969,7902044,CT,676.9019999999999,2020.35,133.612,-656.006408691406,457.271240234375,-29.0050773620605,6707,7357.0,True,smoke,de_inferno,elo
303,303,5595,55563,397002,7899854,CT,2314.06,822.966,152.89700000000002,941.9918823242192,419.50076293945295,88.3543701171875,9696,10400.0,True,smoke,de_inferno,elo
304,304,5500,53073,50624,7555898,CT,128.339,1087.48,83.5874,-15.5150833129883,1414.7946777343802,102.00789642334,8390,8598.0,True,smoke,de_inferno,elo
305,305,5452,51766,113535,7371708,T,361.1230000000001,1738.4,270.772,601.289367675781,2066.18676757812,132.776321411133,9020,9244.0,True,flashbang,de_inferno,elo
306,306,5596,55577,114459,7901470,T,140.031,2619.47,162.031,339.989868164062,2027.95825195312,132.603424072266,16358,17032.0,False,smoke,de_inferno,elo
307,307,596,42760,238386,6066928,CT,1028.84,2639.37,135.267,593.581787109375,1937.90710449219,131.444076538086,7022,7308.0,True,smoke,de_inferno,elo
308,308,644,44398,142122,6300565,T,1904.62,-279.145,258.031,1198.00268554688,-242.85954284668,256.03125,8439,8635.0,True,molotov,de_inferno,elo
309,309,5559,54533,120968,7753240,T,2533.89,-95.625,86.0312,1398.7927246093802,95.0652084350586,128.03125,8912,9152.0,True,molotov,de_inferno,elo
310,310,5668,57540,369478,8175005,CT,152.19899999999998,1116.66,88.0034,707.6174926757809,2116.255859375,136.03125,3218,3582.0,True,smoke,de_inferno,elo
311,311,5488,52756,104552,7516162,T,525.14,1922.6,131.873,44.5354080200195,886.376586914062,69.8366851806641,2695,2961.0,True,molotov,de_inferno,elo
312,312,5596,55595,397002,7904063,T,1752.56,49.692,226.378,1407.45495605469,279.549560546875,129.48678588867202,10142,10366.0,True,flashbang,de_inferno,elo
313,313,5647,56949,470570,8093151,T,438.147,3182.87,162.031,110.807777404785,1569.6066894531198,132.03125,12235,12937.0,True,smoke,de_inferno,elo
314,314,5158,46311,159689,6573923,CT,716.8560000000001,2251.53,140.82299999999998,326.383331298828,2850.70776367188,164.53125,10852,11074.0,True,flashbang,de_inferno,elo
315,315,5644,56862,233811,8079028,CT,153.718,1528.65,110.297,595.03125,2538.00024414062,244.03125,2848,3628.0,True,smoke,de_inferno,elo
316,316,5668,57530,225888,8173544,CT,516.961,3224.84,162.031,110.816825866699,1569.59851074219,132.03125,10284,10960.0,False,smoke,de_inferno,elo
317,317,5651,57062,323907,8109054,T,997.085,2747.9,128.97,371.733032226562,1687.70300292969,122.03125,7406,8054.0,True,smoke,de_inferno,elo
318,318,5644,56853,82079,8077517,T,143.691,2550.36,162.031,479.259521484375,2017.96875,130.704681396484,13422,13692.0,True,molotov,de_inferno,elo
319,319,596,42760,238386,6067007,T,656.325,2289.48,358.481,1642.9050292968802,2997.83203125,141.728698730469,11260,11778.0,False,smoke,de_inferno,elo
320,320,5596,55589,305379,7903197,T,1347.85,233.354,127.096,1353.62902832031,353.86569213867205,126.907043457031,4663,4695.0,False,smoke,de_inferno,elo
321,321,5452,51779,297123,7373786,T,497.181,3201.51,162.031,110.807014465332,1569.61193847656,132.013870239258,13276,13980.0,True,smoke,de_inferno,elo
322,322,5527,53685,154895,7633407,T,1252.23,501.095,119.665,1432.92370605469,1216.44897460938,162.545303344727,10499,10785.0,True,smoke,de_inferno,elo
323,323,5668,57518,39468,8171814,CT,1375.31,-368.604,258.031,1209.044921875,-528.623962402344,178.288269042969,11647,11855.0,True,smoke,de_inferno,elo
324,324,5596,55571,39015,7900488,CT,225.045,1481.15,109.072,113.374038696289,951.581298828125,76.9419250488281,3665,3875.0,True,smoke,de_inferno,elo
325,325,5488,52762,175019,7516819,CT,-105.081,294.587,401.484,-144.100524902344,-268.96875,38.5793952941895,5143,5365.0,False,flashbang,de_inferno,elo
326,326,788,42597,71501,6039444,T,194.263,1624.05,312.881,154.30001831054702,678.80078125,79.5013961791992,6035,6257.0,True,flashbang,de_inferno,elo
327,327,788,42602,138005,6040179,T,1179.18,14.7989,258.031,-467.971130371094,-109.360687255859,7.600521087646481,10191,10459.0,True,molotov,de_inferno,elo
328,328,5595,55539,39015,7896284,T,52.0916,1264.71,94.0626,739.4153442382809,2212.21118164062,136.90364074707,3941,4145.0,True,smoke,de_inferno,elo
329,329,5500,53073,50624,7555897,T,1255.84,341.533,134.361,1511.60681152344,1042.8310546875,154.322204589844,6006,6230.0,True,flashbang,de_inferno,elo
330,330,5596,55589,305379,7903276,T,1865.79,339.576,162.031,1821.03125,287.174346923828,160.03125,9651,9857.0,True,smoke,de_inferno,elo
331,331,5546,54180,196348,7701276,T,1279.08,294.862,451.976,749.862060546875,668.190612792969,89.1399612426758,6097,6275.0,False,molotov,de_inferno,elo
332,332,5452,51764,79414,7371335,T,633.922,2021.12,129.969,-656.03125,495.96875,-21.6582546234131,2727,3331.0,True,smoke,de_inferno,elo
333,333,645,42497,413555,6024579,T,1385.1,721.475,134.374,1486.04797363281,997.913513183594,150.08576965332,3309,3567.0,False,smoke,de_inferno,elo
334,334,5158,46307,90876,6573257,CT,1331.64,533.744,187.1,497.983642578125,613.466247558594,85.6200866699219,9600,9822.0,True,flashbang,de_inferno,elo
335,335,5158,46307,90876,6573225,CT,1305.12,103.149,227.627,1505.0830078125,1016.01098632812,151.859710693359,2863,3174.0,True,smoke,de_inferno,elo
336,336,5488,52756,104552,7516236,CT,638.262,2084.67,342.171,535.9964599609381,3200.03125,164.603424072266,9603,9827.0,True,flashbang,de_inferno,elo
337,337,5668,57540,369478,8174991,CT,880.143,548.4490000000001,89.9265,2524.001953125,1974.40258789062,136.603424072266,2641,3316.0,True,smoke,de_inferno,elo
338,338,5158,46307,90876,6573300,CT,1219.31,435.944,117.549,1401.08239746094,-81.7546844482422,130.03125,10400,10623.0,True,flashbang,de_inferno,elo
339,339,5488,52762,175019,7516845,CT,2184.5,950.683,296.947,2607.59643554688,-319.461761474609,87.03125,10199,10421.0,True,flashbang,de_inferno,elo
340,340,5668,57535,298636,8174227,CT,1191.42,18.1537,565.599,527.299621582031,-7.77142000198364,86.08819580078121,3591,3752.0,False,molotov,de_inferno,elo
341,341,645,42494,370398,6024098,CT,1393.83,624.99,132.185,906.86279296875,619.405029296875,90.4702377319336,5815,6179.0,True,smoke,de_inferno,elo
342,342,5158,46319,281030,6575442,T,108.021,1317.15,95.4187,273.96875,1304.3046875,106.03125,3651,3695.0,False,smoke,de_inferno,elo
343,343,596,42757,199026,6066206,T,96.9867,962.904,78.1197,622.867431640625,2113.7939453125,135.54118347168,3515,3931.0,True,smoke,de_inferno,elo
344,344,5559,54534,140023,7753504,CT,-154.012,1218.52,557.8290000000001,-596.732604980469,794.96875,-19.3165817260742,3704,3928.0,True,flashbang,de_inferno,elo
345,345,5596,55589,305379,7903155,CT,2293.07,707.7260000000001,148.675,272.03125,644.001953125,24.6034107208252,3519,4165.0,True,smoke,de_inferno,elo
346,346,5596,55577,114459,7901388,CT,1409.58,365.032,129.29,295.998199462891,644.007263183594,20.03125,4960,5426.0,True,smoke,de_inferno,elo
347,347,5559,54534,140023,7753507,T,176.06400000000002,1949.01,576.268,222.230911254883,1202.00549316406,102.171966552734,4372,4596.0,True,flashbang,de_inferno,elo
348,348,5651,57059,282707,8108427,T,1418.02,308.388,131.079,825.682983398438,580.341796875,87.65838623046879,5372,5578.0,True,smoke,de_inferno,elo
349,349,596,42744,45262,6063867,T,2479.96,-107.194,86.0312,1431.44177246094,130.297836303711,127.680000305176,10722,10952.0,True,molotov,de_inferno,elo
350,350,5596,55582,187969,7902073,T,490.889,3166.08,162.031,110.810173034668,1569.61181640625,132.013687133789,11141,11843.0,True,smoke,de_inferno,elo
351,351,5452,51765,93628,7371564,T,982.573,2677.02,129.993,611.8079833984381,1969.81005859375,130.36389160156202,8960,9196.0,True,smoke,de_inferno,elo
352,352,645,42494,370398,6024136,T,-13.2019,1426.31,102.855,1263.40222167969,2981.90502929688,135.901748657227,7269,8025.0,False,smoke,de_inferno,elo
353,353,5546,54182,221771,7701630,T,988.912,2652.22,132.062,647.272644042969,2040.79162597656,132.831039428711,6843,7081.0,False,smoke,de_inferno,elo
